{"chunk_definitions":[{"chunk_id":"cw5skmwan21im","chunk_label":"unnamed-chunk-1","document_id":"97AEE91","expansion_state":0,"options":{"echo":false,"engine":"r","label":"unnamed-chunk-34","message":false,"results":"hide"},"row":16,"row_count":1,"visible":true},{"chunk_id":"cv1rkuiwy2dg8","chunk_label":"unnamed-chunk-2","document_id":"97AEE91","expansion_state":0,"options":{"engine":"r","label":"unnamed-chunk-35","message":"F","warnings":"F"},"row":29,"row_count":1,"visible":true},{"chunk_id":"cadlfg2uf8v4l","chunk_label":"unnamed-chunk-3","document_id":"97AEE91","expansion_state":0,"options":{"engine":"r","label":"unnamed-chunk-36","message":"F","warnings":"F"},"row":37,"row_count":1,"visible":true},{"chunk_id":"chkm5cc16xh5b","chunk_label":"unnamed-chunk-4","document_id":"97AEE91","expansion_state":0,"options":{"engine":"r","label":"unnamed-chunk-42","message":"F","warnings":"F"},"row":53,"row_count":1,"visible":true},{"chunk_id":"conzrq1sfbu3e","chunk_label":"unnamed-chunk-7","document_id":"97AEE91","expansion_state":0,"options":{"engine":"r","label":"unnamed-chunk-48","message":"F","warnings":"F"},"row":100,"row_count":1,"visible":true},{"chunk_id":"cvvaulsfyuj0x","chunk_label":"unnamed-chunk-9","document_id":"97AEE91","expansion_state":0,"options":{"engine":"r","label":"unnamed-chunk-49","message":"F","out.width":"80%","warnings":"F"},"row":132,"row_count":1,"visible":true}],"chunk_rendered_width":700,"doc_write_time":1599737174}