{"chunk_definitions":[{"chunk_id":"cn1a6mpovdmlj","chunk_label":"unnamed-chunk-1","document_id":"97AEE91","expansion_state":0,"options":{"engine":"r","label":"unnamed-chunk-39"},"row":10,"row_count":1,"visible":true},{"chunk_id":"cbmeg5coxfn5o","chunk_label":"unnamed-chunk-2","document_id":"97AEE91","expansion_state":0,"options":{"engine":"r","label":"unnamed-chunk-41"},"row":19,"row_count":1,"visible":true},{"chunk_id":"cnk0t7xq14ya8","chunk_label":"unnamed-chunk-3","document_id":"97AEE91","expansion_state":0,"options":{"engine":"r","label":"unnamed-chunk-47"},"row":33,"row_count":1,"visible":true},{"chunk_id":"ccjr2brtuwzfj","chunk_label":"unnamed-chunk-5","document_id":"97AEE91","expansion_state":0,"options":{"engine":"r","label":"unnamed-chunk-55"},"row":48,"row_count":1,"visible":true},{"chunk_id":"cla0uqskt5hzi","chunk_label":"unnamed-chunk-8","document_id":"97AEE91","expansion_state":0,"options":{"engine":"r","fig.width":10,"label":"unnamed-chunk-56"},"row":79,"row_count":1,"visible":true}],"chunk_rendered_width":700,"doc_write_time":1599513978}